{
    "credits": [
        {
            "header": "Programming/Website",
            "name": "ReperGD2",
            "youtube": ["https://www.youtube.com/channel/UCofCDfLjs_TkiC-p0-k_9XA", "youtube"],
            "discord": ["https://discord.gg/aaVjjZtQts", "discord"],
            "github": ["https://github.com/Reper2", "github"],
            "autocode": ["https://autocode.com/user/Reper2", "autocode"],
        },

        {
            "header": "Original Assets",
            "name": "RobTop",
            "youtube": ["https://youtube.com/channel/UCz_yk8mDSAnxJq0ar66L4sw", "youtube"],
            "twitter": ["https://twitter.com/RobTopGames", "twitter"],
            "twitch": ["https://twitch.tv/RobTopGames", "twitch"]
        }
    ]
}